Timestamp,Helmet Violation,Triple Riding,Over Speed,Wrong Lane Violation,Red Light Violation,Detected Plates
"2025-10-14 01:08:31","0","0","0","0","0","None"
"2025-10-14 01:08:47","0","0","0","0","0","None"
"2025-10-14 01:09:04","2","0","0","0","0","None"
"2025-10-14 01:09:31","0","0","0","0","0","None"
"2025-10-14 01:09:41","0","0","0","0","0","None"
"2025-10-14 01:09:51","0","0","0","0","0","None"
"2025-10-14 01:20:02","1","0","0","0","0","None"
"2025-10-14 01:20:21","0","0","0","0","0","None"
"2025-10-14 01:20:34","0","0","0","0","0","None"
"2025-10-14 01:21:07","0","0","0","0","0","None"
"2025-10-14 01:21:16","0","0","0","0","0","None"
"2025-10-14 01:38:03","2","0","0","0","0","None"
"2025-10-14 01:38:42","1","0","0","0","0","None"
"2025-10-14 01:38:42","1","0","0","0","0","None"
0,0,0,0,0
0,0,0,0,0
0,0,0,0,0
0,0,0,0,0
0,0,0,0,0
0,0,0,0,0
0,0,0,0,0
0,0,0,0,0
0,0,0,0,0
0,0,0,0,0
0,0,0,0,0
0,0,0,0,0
0,0,0,0,0
0,0,0,0,0
0,0,0,0,0
0,0,0,0,0
0,0,0,0,0
0,0,0,0,0
0,0,0,0,0
0,0,0,0,0
0,0,0,0,0
0,0,0,0,0
0,0,0,0,0
0,0,0,0,0
0,0,0,0,0
0,0,0,0,0
0,0,0,0,0
0,0,0,0,0
0,0,0,0,0
0,0,0,0,0
0,0,0,0,0
0,0,0,0,0
0,0,0,0,0
0,0,0,0,0
0,0,0,0,0
0,0,0,0,0
0,0,0,0,0
0,0,0,0,0
0,0,0,0,0
0,0,0,0,0
0,0,0,0,0
0,0,0,0,0
0,0,0,0,0
0,0,0,0,0
0,0,0,0,0
0,0,0,0,0
0,0,0,0,0
0,0,0,0,0
0,0,0,0,0
0,0,0,0,0
0,0,0,0,0
0,0,0,0,0
0,0,0,0,0
0,0,0,0,0
0,0,0,0,0
0,0,0,0,0
0,0,0,0,0
0,0,0,0,0
0,0,0,0,0
0,0,0,0,0
0,0,0,0,0
0,0,0,0,0
0,0,0,0,0
0,0,0,0,0
0,0,0,0,0
0,0,0,0,0
0,0,0,0,0
0,0,0,0,0
0,0,0,0,0
0,0,0,0,0
0,0,0,0,0
0,0,0,0,0
0,0,0,0,0
0,0,0,0,0
0,0,0,0,0
0,0,0,0,0
0,0,0,0,0
0,0,0,0,0
0,0,0,0,0
0,0,0,0,0
0,0,0,0,0
0,0,0,0,0
0,0,0,0,0
0,0,0,0,0
0,0,0,0,0
0,0,0,0,0
0,0,0,0,0
0,0,0,0,0
0,0,0,0,0
0,0,0,0,0
0,0,0,0,0
0,0,0,0,0
0,0,0,0,0
0,0,0,0,0
0,0,0,0,0
0,0,0,0,0
0,0,0,0,0
0,0,0,0,0
0,0,0,0,0
0,0,0,0,0
0,0,0,0,0
0,0,0,0,0
0,0,0,0,0
0,0,0,0,0
0,0,0,0,0
0,0,0,0,0
0,0,0,0,0
0,0,0,0,0
0,0,0,0,0
5,0,0,0,0
5,0,0,0,0
5,0,0,0,0,['None'],16.67%
5,0,0,0,0,['None'],16.67%
0,0,0,0,0,['None'],100.0%
2,0,0,0,0,"['Grd U', '921', '302-4k6a7']",33.33%
1,0,0,0,0,['None'],50.0%
0,0,0,0,0,['None'],100.0%
0,0,0,0,0,['None'],100.0%
0,0,0,0,0,['None'],100.0%
0,0,0,0,0,['None'],100.0%
0,0,0,0,0,['None'],100.0%
0,0,0,0,0,['None'],100.0%
0,0,0,0,0,['None'],100.0%
0,0,0,0,0,['None'],100.0%
0,0,0,0,0,['None'],100.0%
0,0,0,0,0,['None'],100.0%
0,0,0,0,0,['None'],100.0%
0,0,0,0,0,['None'],100.0%
0,0,0,0,0,['None'],100.0%
0,0,0,0,0,['None'],100.0%
0,0,0,0,0,['None'],100.0%
0,0,0,0,0,['None'],100.0%
0,0,0,0,0,['None'],100.0%
0,0,0,0,0,['None'],100.0%
0,0,0,0,0,['None'],100.0%
0,0,0,0,0,['None'],100.0%
0,0,0,0,0,['None'],98%
0,0,0,0,0,['None'],98%
0,0,0,0,0,['None'],98%
0,0,0,0,0,['None'],98%
0,0,0,0,0,['None'],98%
0,0,0,0,0,['None'],98%
0,0,0,0,0,['None'],98%
0,0,0,0,0,['None'],98%
0,0,0,0,0,['None'],98%
0,0,0,0,0,['None'],98%,Bihar
0,0,0,0,0,['None'],98%,Punjab
0,0,0,0,0,['None'],98%,Maharashtra
0,0,0,0,0,['None'],98%,Gujarat
0,0,0,0,0,['None'],98%,West Bengal
0,0,0,0,0,['None'],98%,Delhi
0,0,0,0,0,['None'],98%,Tamil Nadu
0,0,0,0,0,['None'],98%,Delhi
0,0,0,0,0,['None'],98%,West Bengal
0,0,0,0,0,['None'],98%,West Bengal
0,0,0,0,0,['None'],98%,West Bengal
0,0,0,0,0,['None'],98%,Uttar Pradesh
0,0,0,0,0,['None'],98%,Rajasthan
0,0,0,0,0,['None'],98%,Uttar Pradesh
0,0,0,0,0,['None'],98%,Uttar Pradesh
0,0,0,0,0,['None'],98%,Karnataka
0,0,0,0,0,['None'],98%,Karnataka
0,0,0,0,0,['None'],98%,Uttar Pradesh
0,0,0,0,0,['None'],98%,Delhi
0,0,0,0,0,['None'],98%,Gujarat
0,0,0,0,0,['None'],98%,Tamil Nadu
0,0,0,0,0,['None'],98%,Gujarat
0,0,0,0,0,['None'],98%,Punjab
0,0,0,0,0,['None'],98%,Uttar Pradesh
0,0,0,0,0,['None'],98%,Bihar
0,0,0,0,0,['None'],98%,Rajasthan
0,0,0,0,0,['None'],98%,Karnataka
0,0,0,0,0,['None'],98%,Karnataka
0,0,0,0,0,['None'],98%,Tamil Nadu
0,0,0,0,0,['None'],98%,Gujarat
0,0,0,0,0,['None'],98%,Bihar
0,0,0,0,0,['None'],98%,Karnataka
0,0,0,0,0,['None'],98%,Maharashtra
0,0,0,0,0,['None'],98%,Rajasthan
7,1,2,8,7,['None'],98%,Karnataka
0,5,0,5,3,['None'],98%,Gujarat
1,0,0,0,0,98%
0,1,0,0,0,98%
0,1,0,0,0,98%
2,0,0,0,0,98%
2,0,0,0,0,98%
0,0,0,0,0,98%
0,0,1,0,0,98%
0,0,0,0,0,98%
0,0,0,0,2,98%
0,0,0,2,0,98%
0,0,0,1,0,98%
0,0,0,1,0,98%
0,0,0,0,0,98%,Maharashtra
0,0,0,1,0,98%
1,0,0,0,0,98%,Bihar
2,0,0,0,0,98%
0,0,0,0,0,98%,Maharashtra
0,3,0,0,0,98%
0,0,0,0,0,98%,Maharashtra
0,0,3,0,0,98%
0,0,0,0,0,98%,Tamil Nadu
0,0,2,0,0,98%
0,0,0,0,0,98%,Maharashtra
2,0,0,0,0,98%
0,0,0,0,0,98%,Punjab
0,0,0,0,2,98%
0,0,0,0,0,98%,Uttar Pradesh
0,0,0,0,0,98%
0,0,0,0,0,98%,Delhi
0,0,0,0,3,98%
0,0,0,0,0,98%,Maharashtra
0,2,0,0,0,98%
0,0,0,0,0,98%,Rajasthan
0,2,0,0,0,98%
0,0,0,0,0,98%,Delhi
0,0,0,2,0,98%
0,0,0,0,0,98%,Tamil Nadu
0,0,0,1,0,98%
0,0,0,0,0,98%,Tamil Nadu
0,0,0,2,0,98%
0,0,0,0,0,98%,Karnataka
0,0,0,3,0,98%
0,0,0,0,0,98%,Gujarat
0,0,0,3,0,98%
0,0,0,0,0,98%,Karnataka
0,0,0,0,0,98%
0,0,0,0,0,98%,Rajasthan
0,0,0,0,0,98%
0,0,0,0,0,98%,Bihar
0,0,0,3,0,98%
0,0,0,0,0,98%,Punjab
0,0,0,2,0,98%
0,0,0,0,0,98%,Rajasthan
0,0,0,1,0,98%
0,0,0,0,0,98%,Gujarat
0,0,0,2,0,98%
0,0,0,0,0,98%,Karnataka
0,0,0,2,0,98%
0,0,0,0,0,98%,Tamil Nadu
0,0,0,3,0,98%
0,0,0,0,0,98%,Bihar
0,0,0,2,0,98%
0,0,0,0,0,98%,Punjab
0,0,0,2,0,98%
0,0,0,0,0,98%,Tamil Nadu
0,0,0,3,0,98%
0,0,0,0,0,98%,Tamil Nadu
0,0,0,0,0,98%
0,0,0,0,0,98%,West Bengal
0,0,0,1,0,98%
0,0,0,0,0,98%,Tamil Nadu
0,0,0,2,0,98%
0,0,0,0,0,98%,Punjab
0,0,0,0,0,98%
0,0,0,0,0,98%,Tamil Nadu
0,0,0,1,0,98%
0,0,0,0,0,98%,Rajasthan
0,0,0,0,0,98%
0,0,0,0,0,98%,West Bengal
0,0,0,0,0,98%
0,0,0,0,0,98%,Punjab
0,0,0,2,0,98%
0,0,0,0,0,98%,Karnataka
0,0,0,2,0,98%
0,0,0,0,0,98%,Maharashtra
0,0,0,0,0,98%
0,0,0,0,0,98%,Uttar Pradesh
0,0,0,0,0,98%
0,0,0,0,0,98%,Punjab
0,0,0,1,0,98%
0,0,0,0,0,98%,Delhi
0,0,0,3,0,98%
0,0,0,0,0,98%,Karnataka
0,0,0,1,0,98%
0,0,0,0,0,98%,Bihar
0,0,0,0,0,98%
0,0,0,0,0,98%,Tamil Nadu
0,0,0,2,0,98%
0,0,0,0,0,98%,Karnataka
0,0,0,2,0,98%
0,0,0,0,0,98%,Gujarat
0,0,0,2,0,98%
0,0,0,0,0,98%,Maharashtra
0,0,0,3,0,98%
0,0,0,0,0,98%,Punjab
0,0,0,1,0,98%
0,0,0,0,0,98%,West Bengal
0,0,0,2,0,98%
0,0,0,0,0,98%,Delhi
0,0,0,3,0,98%
0,0,0,0,0,98%,Uttar Pradesh
0,0,0,1,0,98%
0,0,0,0,0,98%,Tamil Nadu
0,0,0,1,0,98%
0,0,0,0,0,98%,Uttar Pradesh
0,0,0,0,0,98%
0,0,0,0,0,98%,Delhi
0,0,0,0,0,98%
0,0,0,0,0,98%,West Bengal
0,0,0,2,0,98%
0,0,0,0,0,98%,Tamil Nadu
0,0,0,3,0,98%
0,0,0,0,0,98%,Gujarat
0,0,0,1,0,98%
0,0,0,0,0,98%,Maharashtra
0,0,0,2,0,98%
0,0,0,0,0,98%,Rajasthan
0,0,0,2,0,98%
0,0,0,0,0,98%,Tamil Nadu
0,0,0,1,0,98%
0,0,0,0,0,98%,Maharashtra
0,0,0,1,0,98%
0,0,0,0,0,98%,Bihar
0,0,0,3,0,98%
0,0,0,0,0,98%,Bihar
0,0,0,2,0,98%
0,0,0,0,0,98%,Tamil Nadu
0,0,0,1,0,98%
0,0,0,0,0,98%,West Bengal
0,0,0,3,0,98%
0,0,0,0,0,98%,Bihar
0,0,0,1,0,98%
0,0,0,0,0,98%,Bihar
0,0,0,3,0,98%
0,0,0,0,0,98%,Rajasthan
0,0,0,1,0,98%
0,0,0,0,0,98%,Delhi
0,0,0,1,0,98%
0,0,0,0,0,98%,Tamil Nadu
0,0,0,3,0,98%
0,0,0,0,0,98%,Maharashtra
0,0,0,1,0,98%
0,0,0,0,0,98%,Maharashtra
0,0,0,1,0,98%
0,0,0,0,0,98%,Delhi
0,0,0,2,0,98%
0,0,0,0,0,98%,Maharashtra
0,0,0,2,0,98%
0,0,0,0,0,98%,Tamil Nadu
0,0,0,1,0,98%
0,0,0,0,0,98%,Bihar
0,0,0,1,0,98%
0,0,0,0,0,98%,West Bengal
0,0,0,1,0,98%
0,0,0,0,0,98%,Rajasthan
0,0,0,2,0,98%
0,0,0,0,0,98%,West Bengal
0,0,0,2,0,98%
0,0,0,0,0,98%,Maharashtra
0,0,0,0,0,98%
0,0,0,0,0,98%,Rajasthan
0,0,0,2,0,98%
0,0,0,0,0,98%,Maharashtra
0,0,0,1,0,98%
0,0,0,0,0,98%,Karnataka
0,0,0,1,0,98%
0,0,0,0,0,98%,Punjab
0,0,0,2,0,98%
0,0,0,0,0,98%,Karnataka
0,0,0,1,0,98%
0,0,0,0,0,98%,Punjab
0,0,0,1,0,98%
0,0,0,0,0,98%,Gujarat
0,0,0,2,0,98%
0,0,0,0,0,98%,Uttar Pradesh
0,0,0,1,0,98%
0,0,0,0,0,98%,Bihar
0,0,0,2,0,98%
0,0,0,0,0,98%,Delhi
0,0,0,1,0,98%
0,0,0,0,0,98%,Tamil Nadu
0,0,0,1,0,98%
0,0,0,0,0,98%,Rajasthan
0,0,0,3,0,98%
0,0,0,0,0,98%,Rajasthan
0,0,0,1,0,98%
0,0,0,0,0,98%,Karnataka
0,0,0,1,0,98%
0,0,0,0,0,98%,Tamil Nadu
0,0,0,2,0,98%
0,0,0,0,0,98%,Gujarat
0,0,0,1,0,98%
0,0,0,0,0,98%,Rajasthan
0,0,0,3,0,98%
0,0,0,0,0,98%,Gujarat
0,0,0,2,0,98%
0,0,0,0,0,98%,Punjab
0,0,0,2,0,98%
0,0,0,0,0,98%,Bihar
0,0,0,0,0,98%
0,0,0,0,0,98%,Delhi
0,0,0,1,0,98%
0,0,0,0,0,98%,Tamil Nadu
0,0,0,2,0,98%
0,0,0,0,0,98%,Delhi
0,0,0,3,0,98%
0,0,0,0,0,98%,Rajasthan
0,0,0,2,0,98%
0,0,0,0,0,98%,Tamil Nadu
0,0,0,2,0,98%
0,0,0,0,0,98%,Bihar
0,0,0,1,0,98%
0,0,0,0,0,98%,Uttar Pradesh
0,0,0,1,0,98%
0,0,0,0,0,98%,Karnataka
0,0,0,1,0,98%
0,0,0,0,0,98%,Punjab
0,0,0,2,0,98%
0,0,0,0,0,98%,Punjab
0,0,0,2,0,98%
0,0,0,0,0,98%,Maharashtra
0,0,0,1,0,98%
0,0,0,0,0,98%,Gujarat
0,0,0,1,0,98%
0,0,0,0,0,98%,Bihar
0,0,0,1,0,98%
0,0,0,0,0,98%,Delhi
0,0,0,3,0,98%
0,0,0,0,0,98%,Uttar Pradesh
0,0,0,3,0,98%
0,0,0,0,0,98%,Punjab
0,0,0,2,0,98%
0,0,0,0,0,98%,Bihar
0,0,0,2,0,98%
0,0,0,0,0,98%,Bihar
0,0,0,1,0,98%
0,0,0,0,0,98%,Bihar
0,0,0,1,0,98%
0,0,0,0,0,98%,Karnataka
0,0,0,2,0,98%
0,0,0,0,0,98%,Uttar Pradesh
0,0,0,1,0,98%
0,0,0,0,0,98%,Tamil Nadu
0,0,0,3,0,98%
0,0,0,0,0,98%,Gujarat
0,0,0,1,0,98%
0,0,0,0,0,98%,Rajasthan
0,0,0,0,0,98%
0,0,0,0,0,98%,West Bengal
0,0,0,1,0,98%
0,0,0,0,0,98%,Rajasthan
0,0,0,1,0,98%
0,0,0,0,0,98%,Uttar Pradesh
0,0,0,1,0,98%
0,0,0,0,0,98%,Delhi
0,0,0,0,0,98%
0,0,0,0,0,98%,Gujarat
0,0,0,3,0,98%
0,0,0,0,0,98%,Gujarat
0,0,0,0,0,98%
0,0,0,0,0,98%,Uttar Pradesh
0,0,0,2,0,98%
0,0,0,0,0,98%,West Bengal
0,0,0,2,0,98%
0,0,0,0,0,98%,Tamil Nadu
0,0,0,1,0,98%
0,0,0,0,0,98%,Tamil Nadu
0,0,0,1,0,98%
0,0,0,0,0,98%,West Bengal
0,0,0,3,0,98%
0,0,0,0,0,98%,Punjab
0,0,0,0,0,98%
0,0,0,0,0,98%,Karnataka
0,0,0,1,0,98%
0,0,0,0,0,98%,Karnataka
0,0,0,1,0,98%
0,0,0,0,0,98%,Tamil Nadu
0,0,0,2,0,98%
0,0,0,0,0,98%,Uttar Pradesh
0,0,0,1,0,98%
0,0,0,0,0,98%,Bihar
0,0,0,2,0,98%
0,0,0,0,0,98%,Delhi
0,0,0,2,0,98%
0,0,0,0,0,98%,Tamil Nadu
0,0,0,1,0,98%
0,0,0,0,0,98%,Maharashtra
0,0,0,3,0,98%
0,0,0,0,0,98%,Delhi
0,0,0,2,0,98%
0,0,0,0,0,98%,Bihar
0,0,0,2,0,98%
0,0,0,0,0,98%,Uttar Pradesh
0,0,0,1,0,98%
0,0,0,0,0,98%,Rajasthan
0,0,0,3,0,98%
0,0,0,0,0,98%,Maharashtra
0,0,0,1,0,98%
0,0,0,0,0,98%,West Bengal
0,0,0,1,0,98%
0,0,0,0,0,98%,Bihar
0,0,0,2,0,98%
0,0,0,0,0,98%,Maharashtra
0,0,0,2,0,98%
0,0,0,0,0,98%,Delhi
0,0,0,0,0,98%
0,0,0,0,0,98%,West Bengal
0,0,0,1,0,98%
0,0,0,0,0,98%,Uttar Pradesh
0,0,0,3,0,98%
0,0,0,0,0,98%,Bihar
0,0,0,3,0,98%
0,0,0,0,0,98%,Rajasthan
0,0,0,3,0,98%
0,0,0,0,0,98%,Tamil Nadu
0,0,0,0,0,98%
0,0,0,0,0,98%,Rajasthan
0,0,0,2,0,98%
0,0,0,0,0,98%,Maharashtra
0,0,0,1,0,98%
0,0,0,0,0,98%,Maharashtra
0,0,0,3,0,98%
0,0,0,0,0,98%,Punjab
0,0,0,1,0,98%
0,0,0,0,0,98%,Gujarat
0,0,0,0,0,98%
0,0,0,0,0,98%,Karnataka
0,0,0,0,0,98%
0,0,0,0,0,98%,Tamil Nadu
0,0,0,2,0,98%
0,0,0,0,0,98%,Rajasthan
0,0,0,1,0,98%
0,0,0,0,0,98%,Uttar Pradesh
0,0,0,2,0,98%
0,0,0,0,0,98%,West Bengal
0,0,0,3,0,98%
0,0,0,0,0,98%,Karnataka
0,0,0,2,0,98%
0,0,0,0,0,98%,Karnataka
0,0,0,1,0,98%
0,0,0,0,0,98%,Gujarat
0,0,0,2,0,98%
0,0,0,0,0,98%,Karnataka
0,0,0,2,0,98%
0,0,0,0,0,98%,Maharashtra
0,0,0,3,0,98%
0,0,0,0,0,98%,Gujarat
0,0,0,1,0,98%
0,0,0,0,0,98%,West Bengal
0,0,0,2,0,98%
0,0,0,0,0,98%,Maharashtra
0,0,0,1,0,98%
0,0,0,0,0,98%,Maharashtra
0,0,0,0,0,98%
0,0,0,0,0,98%,West Bengal
0,0,0,0,0,98%
0,0,0,0,0,98%,Karnataka
0,0,0,2,0,98%
0,0,0,0,0,98%,Bihar
0,0,0,1,0,98%
0,0,0,0,0,98%,Tamil Nadu
0,0,0,1,0,98%
0,0,0,0,0,98%,Punjab
0,0,0,1,0,98%
0,0,0,0,0,98%,West Bengal
0,0,0,3,0,98%
0,0,0,0,0,98%,Bihar
0,0,0,1,0,98%
0,0,0,0,0,98%,Delhi
0,0,0,1,0,98%
0,0,0,0,0,98%,West Bengal
0,0,0,3,0,98%
0,0,0,0,0,98%,Delhi
0,0,0,2,0,98%
0,0,0,0,0,98%,Gujarat
0,0,0,1,0,98%
0,0,0,0,0,98%,Delhi
0,0,0,1,0,98%
0,0,0,0,0,98%,Gujarat
0,0,0,3,0,98%
0,0,0,0,0,98%,Rajasthan
0,0,0,2,0,98%
0,0,0,0,0,98%,Karnataka
0,0,0,1,0,98%
0,0,0,0,0,98%,West Bengal
0,0,0,3,0,98%
0,0,0,0,0,98%,Maharashtra
0,0,0,2,0,98%
0,0,0,0,0,98%,Delhi
0,0,0,2,0,98%
0,0,0,0,0,98%,Delhi
0,0,0,0,0,98%
0,0,0,0,0,98%,West Bengal
0,0,0,1,0,98%
0,0,0,0,0,98%,Rajasthan
0,0,0,1,0,98%
0,0,0,0,0,98%,Karnataka
0,0,0,3,0,98%
0,0,0,0,0,98%,Uttar Pradesh
0,0,0,2,0,98%
0,0,0,0,0,98%,Maharashtra
0,0,0,2,0,98%
0,0,0,0,0,98%,Bihar
0,0,0,1,0,98%
0,0,0,0,0,98%,Maharashtra
0,0,0,1,0,98%
0,0,0,0,0,98%,Punjab
0,0,0,1,0,98%
0,0,0,0,0,98%,Tamil Nadu
0,0,0,2,0,98%
0,0,0,0,0,98%,West Bengal
0,0,0,0,0,98%
0,0,0,0,0,98%,Maharashtra
0,0,0,1,0,98%
0,0,0,0,0,98%,Bihar
0,0,0,1,0,98%
0,0,0,0,0,98%,Uttar Pradesh
0,0,0,0,0,98%
0,0,0,0,0,98%,Bihar
0,0,0,0,0,98%,Karnataka
0,3,0,0,0,98%
0,0,0,0,0,98%,Delhi
0,3,0,0,0,98%
0,0,0,0,0,98%,Delhi
0,2,0,0,0,98%
0,0,0,0,0,98%,West Bengal
0,2,0,0,0,98%
0,0,0,0,0,98%,Bihar
0,1,0,0,0,98%
0,0,0,0,0,98%,Rajasthan
0,0,0,0,0,98%
0,0,0,0,0,98%,Gujarat
0,2,0,0,0,98%
0,0,0,0,0,98%,Maharashtra
0,2,0,0,0,98%
0,0,0,0,0,98%,Uttar Pradesh
0,1,0,0,0,98%
0,0,0,0,0,98%,Bihar
0,1,0,0,0,98%
0,0,0,0,0,98%,Uttar Pradesh
0,3,0,0,0,98%
0,0,0,0,0,98%,Karnataka
0,2,0,0,0,98%
0,0,0,0,0,98%,Delhi
0,0,0,0,0,98%
0,0,0,0,0,98%,Uttar Pradesh
0,2,0,0,0,98%
0,0,0,0,0,98%,Punjab
0,3,0,0,0,98%
0,0,0,0,0,98%,West Bengal
0,3,0,0,0,98%
0,0,0,0,0,98%,Rajasthan
0,0,0,0,0,98%
0,0,0,0,0,98%,Karnataka
0,2,0,0,0,98%
0,0,0,0,0,98%,Bihar
0,2,0,0,0,98%
0,0,0,0,0,98%,Punjab
0,3,0,0,0,98%
0,0,0,0,0,98%,Rajasthan
0,1,0,0,0,98%
0,0,0,0,0,98%,Karnataka
0,1,0,0,0,98%
0,0,0,0,0,98%,West Bengal
0,1,0,0,0,98%
0,0,0,0,0,98%,Bihar
0,2,0,0,0,98%
0,0,0,0,0,98%,Karnataka
0,3,0,0,0,98%
0,0,0,0,0,98%,Rajasthan
0,2,0,0,0,98%
0,0,0,0,0,98%,West Bengal
0,1,0,0,0,98%
0,0,0,0,0,98%,Bihar
0,2,0,0,0,98%
0,0,0,0,0,98%,Rajasthan
0,2,0,0,0,98%
0,0,0,0,0,98%,Tamil Nadu
0,3,0,0,0,98%
0,0,0,0,0,98%,Rajasthan
0,2,0,0,0,98%
0,0,0,0,0,98%,Karnataka
0,2,0,0,0,98%
0,0,0,0,0,98%,Delhi
0,0,0,0,0,98%
0,0,0,0,0,98%,Rajasthan
0,0,0,0,0,98%
0,0,0,0,0,98%,Tamil Nadu
0,0,0,0,0,98%
0,0,0,0,0,98%,Delhi
0,3,0,0,0,98%
0,0,0,0,0,98%,West Bengal
0,1,0,0,0,98%
0,0,0,0,0,98%,Karnataka
0,3,0,0,0,98%
0,0,0,0,0,98%,Rajasthan
0,0,0,0,0,98%
0,0,0,0,0,98%,Tamil Nadu
0,3,0,0,0,98%
0,0,0,0,0,98%,Maharashtra
0,2,0,0,0,98%
0,0,0,0,0,98%,Bihar
0,2,0,0,0,98%
0,0,0,0,0,98%,Karnataka
0,3,0,0,0,98%
0,0,0,0,0,98%,Gujarat
0,3,0,0,0,98%
0,0,0,0,0,98%,Delhi
0,1,0,0,0,98%
0,0,0,0,0,98%,Gujarat
0,0,0,0,0,98%
0,0,0,0,0,98%,Bihar
0,3,0,0,0,98%
0,0,0,0,0,98%,Gujarat
0,2,0,0,0,98%
0,0,0,0,0,98%,Gujarat
0,3,0,0,0,98%
0,0,0,0,0,98%,Karnataka
0,3,0,0,0,98%
0,0,0,0,0,98%,Tamil Nadu
0,2,0,0,0,98%
0,0,0,0,0,98%,Punjab
0,1,0,0,0,98%
0,0,0,0,0,98%,Karnataka
0,1,0,0,0,98%
0,0,0,0,0,98%,Punjab
0,3,0,0,0,98%
0,0,0,0,0,98%,Rajasthan
0,2,0,0,0,98%
0,0,0,0,0,98%,Uttar Pradesh
0,1,0,0,0,98%
0,0,0,0,0,98%,Tamil Nadu
0,1,0,0,0,98%
0,0,0,0,0,98%,Karnataka
0,2,0,0,0,98%
0,0,0,0,0,98%,Uttar Pradesh
0,3,0,0,0,98%
0,0,0,0,0,98%,Uttar Pradesh
0,2,0,0,0,98%
0,0,0,0,0,98%,Uttar Pradesh
0,3,0,0,0,98%
0,0,0,0,0,98%,Punjab
0,3,0,0,0,98%
0,0,0,0,0,98%,Bihar
0,1,0,0,0,98%
0,0,0,0,0,98%,Rajasthan
0,2,0,0,0,98%
0,0,0,0,0,98%,Maharashtra
0,1,0,0,0,98%
0,0,0,0,0,98%,Gujarat
0,1,0,0,0,98%
0,0,0,0,0,98%,West Bengal
0,3,0,0,0,98%
0,0,0,0,0,98%,Maharashtra
0,0,0,0,0,98%,Gujarat
0,0,0,0,1,98%
0,0,0,0,0,98%,Maharashtra
0,0,0,0,0,98%
0,0,0,0,0,98%,Karnataka
0,0,0,0,2,98%
0,0,0,0,0,98%,Punjab
0,0,0,0,0,98%
0,0,0,0,0,98%,Tamil Nadu
0,0,0,0,3,98%
0,0,0,0,0,98%,Uttar Pradesh
0,0,0,0,0,98%
0,0,0,0,0,98%,Punjab
0,0,0,0,3,98%
0,0,0,0,0,98%,Karnataka
0,0,0,0,3,98%
0,0,0,0,0,98%,Maharashtra
0,0,0,0,2,98%
0,0,0,0,0,98%,Rajasthan
0,0,0,0,1,98%
0,0,0,0,0,98%,Tamil Nadu
0,0,0,0,1,98%
0,0,0,0,0,98%,Gujarat
0,0,0,0,0,98%
0,0,0,0,0,98%,Delhi
0,0,0,0,3,98%
0,0,0,0,0,98%,West Bengal
0,0,0,0,0,98%
0,0,0,0,0,98%,Rajasthan
0,0,0,0,2,98%
0,0,0,0,0,98%,Karnataka
0,0,0,0,1,98%
0,0,0,0,0,98%,Delhi
0,0,0,0,2,98%
0,0,0,0,0,98%,West Bengal
0,0,0,0,3,98%
0,0,0,0,0,98%,Karnataka
0,0,0,0,0,98%
0,0,0,0,0,98%,West Bengal
0,0,0,0,3,98%
0,0,0,0,0,98%,West Bengal
0,0,0,0,2,98%
0,0,0,0,0,98%,Tamil Nadu
0,0,0,0,2,98%
0,0,0,0,0,98%,Rajasthan
0,0,0,0,2,98%
0,0,0,0,0,98%,Karnataka
0,0,0,0,3,98%
0,0,0,0,0,98%,Maharashtra
0,0,0,0,2,98%
0,0,0,0,0,98%,Maharashtra
0,0,0,0,3,98%
0,0,0,0,0,98%,Maharashtra
0,0,0,0,3,98%
0,0,0,0,0,98%,Karnataka
0,0,0,0,2,98%
0,0,0,0,0,98%,Karnataka
0,0,0,0,1,98%
0,0,0,0,0,98%,Delhi
0,0,0,0,0,98%
0,0,0,0,0,98%,Punjab
0,0,0,0,2,98%
0,0,0,0,0,98%,Punjab
0,0,0,0,1,98%
0,0,0,0,0,98%,Gujarat
0,0,0,0,1,98%
0,0,0,0,0,98%,Punjab
0,0,0,0,0,98%
0,0,0,0,0,98%,Uttar Pradesh
0,0,0,0,2,98%
0,0,0,0,0,98%,Karnataka
0,0,0,0,1,98%
0,0,0,0,0,98%,Tamil Nadu
0,0,0,0,2,98%
0,0,0,0,0,98%,West Bengal
0,0,0,0,2,98%
0,0,0,0,0,98%,Maharashtra
0,0,0,0,1,98%
0,0,0,0,0,98%,Rajasthan
0,0,0,0,3,98%
0,0,0,0,0,98%,Punjab
0,0,0,0,3,98%
0,0,0,0,0,98%,Rajasthan
0,0,0,0,2,98%
0,0,0,0,0,98%,Rajasthan
0,0,0,0,0,98%
0,0,0,0,0,98%,West Bengal
0,0,0,0,0,98%
0,0,0,0,0,98%,Tamil Nadu
0,0,0,0,0,98%
0,0,0,0,0,98%,Bihar
0,0,0,0,1,98%
0,0,0,0,0,98%,West Bengal
0,0,0,0,1,98%
0,0,0,0,0,98%,Uttar Pradesh
0,0,0,0,2,98%
0,0,0,0,0,98%,Rajasthan
0,0,0,0,2,98%
0,0,0,0,0,98%,Delhi
0,0,0,0,0,98%
0,0,0,0,0,98%,Gujarat
0,0,0,0,0,98%
0,0,0,0,0,98%,Maharashtra
0,0,0,0,3,98%
0,0,0,0,0,98%,Tamil Nadu
0,0,0,0,2,98%
0,0,0,0,0,98%,Delhi
0,0,0,0,3,98%
0,0,0,0,0,98%,Uttar Pradesh
0,0,0,0,2,98%
0,0,0,0,0,98%,Punjab
0,0,0,0,0,98%,Bihar
0,0,1,0,0,98%
0,0,0,0,0,98%,Karnataka
0,0,1,0,0,98%
0,0,0,0,0,98%,Punjab
0,0,3,0,0,98%
0,0,0,0,0,98%,Maharashtra
0,0,1,0,0,98%
0,0,0,0,0,98%,Delhi
0,0,3,0,0,98%
0,0,0,0,0,98%,Karnataka
0,0,0,0,0,98%
0,0,0,0,0,98%,West Bengal
0,0,3,0,0,98%
0,0,0,0,0,98%,Karnataka
0,0,2,0,0,98%
0,0,0,0,0,98%,Uttar Pradesh
0,0,2,0,0,98%
0,0,0,0,0,98%,Tamil Nadu
0,0,0,0,0,98%
0,0,0,0,0,98%,Uttar Pradesh
0,0,0,0,0,98%
0,0,0,0,0,98%,Tamil Nadu
0,0,1,0,0,98%
0,0,0,0,0,98%,Uttar Pradesh
0,0,0,0,0,98%
0,0,0,0,0,98%,Punjab
0,0,1,0,0,98%
0,0,0,0,0,98%,Rajasthan
0,0,0,0,0,98%
0,0,0,0,0,98%,Karnataka
0,0,2,0,0,98%
0,0,0,0,0,98%,Karnataka
0,0,0,0,0,98%
0,0,0,0,0,98%,Maharashtra
0,0,2,0,0,98%
0,0,0,0,0,98%,Maharashtra
0,0,2,0,0,98%
0,0,0,0,0,98%,Gujarat
0,0,2,0,0,98%
0,0,0,0,0,98%,Punjab
0,0,1,0,0,98%
0,0,0,0,0,98%,Bihar
0,0,2,0,0,98%
0,0,0,0,0,98%,Tamil Nadu
0,0,2,0,0,98%
0,0,0,0,0,98%,Uttar Pradesh
0,0,3,0,0,98%
0,0,0,0,0,98%,Gujarat
0,0,0,0,0,98%
0,0,0,0,0,98%,Gujarat
0,0,3,0,0,98%
0,0,0,0,0,98%,Punjab
0,0,2,0,0,98%
0,0,0,0,0,98%,Gujarat
0,0,2,0,0,98%
0,0,0,0,0,98%,Rajasthan
0,0,3,0,0,98%
0,0,0,0,0,98%,Karnataka
0,0,0,0,0,98%
0,0,0,0,0,98%,Delhi
0,0,2,0,0,98%
0,0,0,0,0,98%,Maharashtra
0,0,0,0,0,98%
0,0,0,0,0,98%,Karnataka
0,0,2,0,0,98%
0,0,0,0,0,98%,Rajasthan
0,0,2,0,0,98%
0,0,0,0,0,98%,Maharashtra
0,0,0,0,0,98%
0,0,0,0,0,98%,Punjab
0,0,2,0,0,98%
0,0,0,0,0,98%,Delhi
0,0,2,0,0,98%
0,0,0,0,0,98%,Rajasthan
0,0,1,0,0,98%
0,0,0,0,0,98%,Uttar Pradesh
0,0,2,0,0,98%
0,0,0,0,0,98%,Uttar Pradesh
0,0,2,0,0,98%
0,0,0,0,0,98%,Punjab
0,0,0,0,0,98%
0,0,0,0,0,98%,Gujarat
0,0,3,0,0,98%
0,0,0,0,0,98%,Rajasthan
0,0,1,0,0,98%
0,0,0,0,0,98%,Bihar
0,0,2,0,0,98%
0,0,0,0,0,98%,Tamil Nadu
0,0,1,0,0,98%
0,0,0,0,0,98%,West Bengal
0,0,2,0,0,98%
0,0,0,0,0,98%,Rajasthan
0,0,3,0,0,98%
0,0,0,0,0,98%,Bihar
0,0,2,0,0,98%
0,0,0,0,0,98%,Rajasthan
0,0,2,0,0,98%
0,0,0,0,0,98%,Karnataka
0,0,3,0,0,98%
0,0,0,0,0,98%,West Bengal
0,0,1,0,0,98%
0,0,0,0,0,98%,Delhi
0,0,3,0,0,98%
0,0,0,0,0,98%,Uttar Pradesh
0,0,1,0,0,98%
0,0,0,0,0,98%,Rajasthan
0,0,2,0,0,98%
0,0,0,0,0,98%,Uttar Pradesh
0,0,2,0,0,98%
0,0,0,0,0,98%,Punjab
0,0,2,0,0,98%
0,0,0,0,0,98%,Karnataka
0,0,1,0,0,98%
0,0,0,0,0,98%,Bihar
0,0,0,0,0,98%
0,0,0,0,0,98%,Punjab
0,0,1,0,0,98%
0,0,0,0,0,98%,Maharashtra
0,0,1,0,0,98%
0,0,0,0,0,98%,Maharashtra
0,0,2,0,0,98%
0,0,0,0,0,98%,Bihar
0,0,2,0,0,98%
0,0,0,0,0,98%,Gujarat
0,0,2,0,0,98%
0,0,0,0,0,98%,Uttar Pradesh
0,0,3,0,0,98%
0,0,0,0,0,98%,Delhi
0,0,0,0,0,98%
0,0,0,0,0,98%,Delhi
0,0,2,0,0,98%
0,0,0,0,0,98%,Bihar
0,0,2,0,0,98%
0,0,0,0,0,98%,Delhi
0,0,2,0,0,98%
0,0,0,0,0,98%,Punjab
0,0,2,0,0,98%
0,0,0,0,0,98%,West Bengal
0,0,3,0,0,98%
0,0,0,0,0,98%,Gujarat
0,0,1,0,0,98%
0,0,0,0,0,98%,Gujarat
0,0,3,0,0,98%
0,0,0,0,0,98%,Maharashtra
0,0,1,0,0,98%
0,0,0,0,0,98%,Karnataka
0,0,1,0,0,98%
0,0,0,0,0,98%,Karnataka
0,0,1,0,0,98%
0,0,0,0,0,98%,Delhi
0,0,1,0,0,98%
0,0,0,0,0,98%,West Bengal
0,0,0,0,0,98%
0,0,0,0,0,98%,Punjab
0,0,3,0,0,98%
0,0,0,0,0,98%,Rajasthan
0,0,0,0,0,98%
0,0,0,0,0,98%,Tamil Nadu
0,0,2,0,0,98%
0,0,0,0,0,98%,Gujarat
0,0,1,0,0,98%
0,0,0,0,0,98%,Rajasthan
0,0,1,0,0,98%
0,0,0,0,0,98%,Gujarat
0,0,0,0,0,98%
0,0,0,0,0,98%,Gujarat
0,0,2,0,0,98%
0,0,0,0,0,98%,Gujarat
0,0,1,0,0,98%
0,0,0,0,0,98%,Bihar
0,0,2,0,0,98%
0,0,0,0,0,98%,Uttar Pradesh
0,0,1,0,0,98%
0,0,0,0,0,98%,Punjab
0,0,3,0,0,98%
0,0,0,0,0,98%,Tamil Nadu
0,0,1,0,0,98%
0,0,0,0,0,98%,Karnataka
0,0,3,0,0,98%
0,0,0,0,0,98%,Bihar
0,0,2,0,0,98%
0,0,0,0,0,98%,Karnataka
0,0,1,0,0,98%
0,0,0,0,0,98%,Gujarat
0,0,3,0,0,98%
0,0,0,0,0,98%,Karnataka
0,0,0,0,0,98%
0,0,0,0,0,98%,Uttar Pradesh
0,0,0,0,0,98%,Karnataka
0,0,1,0,0,98%
0,0,0,0,0,98%,Maharashtra
0,0,3,0,0,98%
0,0,0,0,0,98%,Gujarat
0,0,2,0,0,98%
0,0,0,0,0,98%,Maharashtra
0,0,1,0,0,98%
0,0,0,0,0,98%,Uttar Pradesh
0,0,2,0,0,98%
0,0,0,0,0,98%,Punjab
0,0,0,0,0,98%
0,0,0,0,0,98%,Karnataka
0,0,1,0,0,98%
0,0,0,0,0,98%,West Bengal
0,0,0,0,0,98%
0,0,0,0,0,98%,Rajasthan
0,0,1,0,0,98%
0,0,0,0,0,98%,Karnataka
0,0,0,0,0,98%
0,0,0,0,0,98%,Tamil Nadu
0,0,3,0,0,98%
0,0,0,0,0,98%,Rajasthan
0,0,2,0,0,98%
0,0,0,0,0,98%,Bihar
0,0,2,0,0,98%
0,0,0,0,0,98%,Delhi
0,0,0,0,0,98%
0,0,0,0,0,98%,Punjab
0,0,1,0,0,98%
0,0,0,0,0,98%,Maharashtra
0,0,1,0,0,98%
0,0,0,0,0,98%,Maharashtra
0,0,2,0,0,98%
0,0,0,0,0,98%,Karnataka
0,0,0,0,0,98%
0,0,0,0,0,98%,Delhi
0,0,2,0,0,98%
0,0,0,0,0,98%,Delhi
0,0,2,0,0,98%
0,0,0,0,0,98%,Maharashtra
0,0,3,0,0,98%
0,0,0,0,0,98%,Rajasthan
0,0,1,0,0,98%
0,0,0,0,0,98%,Punjab
0,0,3,0,0,98%
0,0,0,0,0,98%,Rajasthan
0,0,2,0,0,98%
0,0,0,0,0,98%,Delhi
0,0,1,0,0,98%
0,0,0,0,0,98%,West Bengal
0,0,1,0,0,98%
0,0,0,0,0,98%,Karnataka
0,0,3,0,0,98%
0,0,0,0,0,98%,Punjab
0,0,0,0,0,98%
0,0,0,0,0,98%,Gujarat
0,0,2,0,0,98%
0,0,0,0,0,98%,Gujarat
0,0,1,0,0,98%
0,0,0,0,0,98%,Uttar Pradesh
0,0,0,0,0,98%
0,0,0,0,0,98%,Uttar Pradesh
0,0,1,0,0,98%
0,0,0,0,0,98%,West Bengal
0,0,3,0,0,98%
0,0,0,0,0,98%,Bihar
0,0,1,0,0,98%
0,0,0,0,0,98%,Tamil Nadu
0,0,0,0,0,98%
0,0,0,0,0,98%,Tamil Nadu
0,0,1,0,0,98%
0,0,0,0,0,98%,Rajasthan
0,0,0,0,0,98%
0,0,0,0,0,98%,Gujarat
0,0,1,0,0,98%
0,0,0,0,0,98%,Rajasthan
0,0,3,0,0,98%
0,0,0,0,0,98%,Karnataka
0,0,1,0,0,98%
0,0,0,0,0,98%,Uttar Pradesh
0,0,1,0,0,98%
0,0,0,0,0,98%,Karnataka
0,0,0,0,0,98%
0,0,0,0,0,98%,Uttar Pradesh
0,0,1,0,0,98%
0,0,0,0,0,98%,Gujarat
0,0,1,0,0,98%
0,0,0,0,0,98%,Rajasthan
0,0,2,0,0,98%
0,0,0,0,0,98%,Karnataka
0,0,2,0,0,98%
0,0,0,0,0,98%,Karnataka
0,0,1,0,0,98%
0,0,0,0,0,98%,Rajasthan
0,0,3,0,0,98%
0,0,0,0,0,98%,Karnataka
0,0,3,0,0,98%
0,0,0,0,0,98%,Tamil Nadu
0,0,1,0,0,98%
0,0,0,0,0,98%,Gujarat
0,0,2,0,0,98%
0,0,0,0,0,98%,Punjab
0,0,1,0,0,98%
0,0,0,0,0,98%,West Bengal
0,0,0,0,0,98%
0,0,0,0,0,98%,Uttar Pradesh
0,0,1,0,0,98%
0,0,0,0,0,98%,Punjab
0,0,2,0,0,98%
0,0,0,0,0,98%,Maharashtra
0,0,1,0,0,98%
0,0,0,0,0,98%,Tamil Nadu
0,0,3,0,0,98%
0,0,0,0,0,98%,Punjab
0,0,1,0,0,98%
0,0,0,0,0,98%,Bihar
0,0,2,0,0,98%
0,0,0,0,0,98%,Tamil Nadu
0,0,1,0,0,98%
0,0,0,0,0,98%,Gujarat
0,0,2,0,0,98%
0,0,0,0,0,98%,Karnataka
0,0,0,0,0,98%
0,0,0,0,0,98%,Rajasthan
0,0,1,0,0,98%
0,0,0,0,0,98%,Delhi
0,0,3,0,0,98%
0,0,0,0,0,98%,Tamil Nadu
0,0,1,0,0,98%
0,0,0,0,0,98%,Punjab
0,0,1,0,0,98%
0,0,0,0,0,98%,Bihar
0,0,2,0,0,98%
0,0,0,0,0,98%,West Bengal
0,0,1,0,0,98%
0,0,0,0,0,98%,West Bengal
0,0,1,0,0,98%
0,0,0,0,0,98%,Gujarat
1,0,0,0,0,98%,Rajasthan
2,0,0,0,0,98%
1,0,0,0,0,98%,Bihar
4,0,0,0,0,98%
1,0,0,0,0,98%,Bihar
2,0,0,0,0,98%
1,0,0,0,0,98%,Uttar Pradesh
3,0,0,0,0,98%
1,0,0,0,0,98%,Maharashtra
4,0,0,0,0,98%
1,0,0,0,0,98%,Gujarat
3,0,0,0,0,98%
1,0,0,0,0,98%,Bihar
1,0,0,0,0,98%
1,0,0,0,0,98%,Karnataka
3,0,0,0,0,98%
1,0,0,0,0,98%,Gujarat
3,0,0,0,0,98%
1,0,0,0,0,98%,Bihar
1,0,0,0,0,98%
0,0,0,0,0,98%,Delhi
0,0,0,0,0,98%
0,0,0,0,0,98%,Rajasthan
2,0,0,0,0,98%
1,0,0,0,0,98%,Tamil Nadu
2,0,0,0,0,98%
0,0,0,0,0,98%,Gujarat
1,0,0,0,0,98%
1,0,0,0,0,98%,Tamil Nadu
2,0,0,0,0,98%
1,0,0,0,0,98%,West Bengal
3,0,0,0,0,98%
1,0,0,0,0,98%,Punjab
2,0,0,0,0,98%
0,0,0,0,0,98%,Maharashtra
2,0,0,0,0,98%
0,0,0,0,0,98%,Delhi
2,0,0,0,0,98%
0,0,0,0,0,98%,Karnataka
2,0,0,0,0,98%
0,0,0,0,0,98%,Rajasthan
1,0,0,0,0,98%
0,0,0,0,0,98%,Uttar Pradesh
1,0,0,0,0,98%
0,0,0,0,0,98%,Rajasthan
1,0,0,0,0,98%
0,0,0,0,0,98%,Bihar
2,0,0,0,0,98%
0,0,0,0,0,98%,Uttar Pradesh
3,0,0,0,0,98%
0,0,0,0,0,98%,Uttar Pradesh
1,0,0,0,0,98%
0,0,0,0,0,98%,Punjab
0,0,0,0,0,98%
0,0,0,0,0,98%,Rajasthan
3,0,0,0,0,98%
0,0,0,0,0,98%,Bihar
0,0,0,0,0,98%
0,0,0,0,0,98%,West Bengal
1,0,0,0,0,98%
0,0,0,0,0,98%,Bihar
1,0,0,0,0,98%
0,0,0,0,0,98%,Maharashtra
3,0,0,0,0,98%
0,0,0,0,0,98%,Delhi
2,0,0,0,0,98%
0,0,0,0,0,98%,Bihar
2,0,0,0,0,98%
0,0,0,0,0,98%,Maharashtra
2,0,0,0,0,98%
0,0,0,0,0,98%,Maharashtra
0,0,0,0,0,98%
0,0,0,0,0,98%,West Bengal
2,0,0,0,0,98%
0,0,0,0,0,98%,Tamil Nadu
1,0,0,0,0,98%
0,0,0,0,0,98%,Delhi
1,0,0,0,0,98%
0,0,0,0,0,98%,West Bengal
2,0,0,0,0,98%
0,0,0,0,0,98%,Uttar Pradesh
2,0,0,0,0,98%
0,0,0,0,0,98%,Delhi
3,0,0,0,0,98%
0,0,0,0,0,98%,Punjab
2,0,0,0,0,98%
0,0,0,0,0,98%,Delhi
3,0,0,0,0,98%
0,0,0,0,0,98%,Uttar Pradesh
1,0,0,0,0,98%
0,0,0,0,0,98%,West Bengal
3,0,0,0,0,98%
0,0,0,0,0,98%,Punjab
2,0,0,0,0,98%
0,0,0,0,0,98%,Uttar Pradesh
2,0,0,0,0,98%
0,0,0,0,0,98%,Delhi
2,0,0,0,0,98%
0,0,0,0,0,98%,Uttar Pradesh
0,0,0,0,0,98%
0,0,0,0,0,98%,Karnataka
0,0,0,0,0,98%
0,0,0,0,0,98%,Tamil Nadu
0,0,0,0,0,98%
0,0,0,0,0,98%,Tamil Nadu
0,0,0,0,0,98%,Karnataka
1,0,0,0,0,98%
0,0,0,0,0,98%,Punjab
2,0,0,0,0,98%
0,0,0,0,0,98%,Maharashtra
2,0,0,0,0,98%
0,0,0,0,0,98%,Uttar Pradesh
2,0,0,0,0,98%
0,0,0,0,0,98%,Gujarat
1,0,0,0,0,98%
0,0,0,0,0,98%,Bihar
0,0,0,0,0,98%
0,0,0,0,0,98%,Maharashtra
2,0,0,0,0,98%
0,0,0,0,0,98%,Punjab
2,0,0,0,0,98%
0,0,0,0,0,98%,Bihar
2,0,0,0,0,98%
0,0,0,0,0,98%,Bihar
2,0,0,0,0,98%
0,0,0,0,0,98%,Delhi
3,0,0,0,0,98%
0,0,0,0,0,98%,Uttar Pradesh
3,0,0,0,0,98%
0,0,0,0,0,98%,Tamil Nadu
2,0,0,0,0,98%
0,0,0,0,0,98%,West Bengal
1,0,0,0,0,98%
0,0,0,0,0,98%,Delhi
2,0,0,0,0,98%
0,0,0,0,0,98%,West Bengal
2,0,0,0,0,98%
0,0,0,0,0,98%,Gujarat
2,0,0,0,0,98%
0,0,0,0,0,98%,Karnataka
1,0,0,0,0,98%
0,0,0,0,0,98%,Maharashtra
2,0,0,0,0,98%
0,0,0,0,0,98%,Delhi
2,0,0,0,0,98%
0,0,0,0,0,98%,Delhi
1,0,0,0,0,98%
0,0,0,0,0,98%,Delhi
0,0,0,0,0,98%
0,0,0,0,0,98%,West Bengal
0,0,0,0,0,98%
0,0,0,0,0,98%,Karnataka
1,0,0,0,0,98%
0,0,0,0,0,98%,West Bengal
2,0,0,0,0,98%
0,0,0,0,0,98%,Rajasthan
1,0,0,0,0,98%
0,0,0,0,0,98%,Punjab
3,0,0,0,0,98%
0,0,0,0,0,98%,West Bengal
2,0,0,0,0,98%
0,0,0,0,0,98%,Delhi
1,0,0,0,0,98%
0,0,0,0,0,98%,Tamil Nadu
3,0,0,0,0,98%
0,0,0,0,0,98%,West Bengal
1,0,0,0,0,98%
0,0,0,0,0,98%,Karnataka
1,0,0,0,0,98%
0,0,0,0,0,98%,Maharashtra
2,0,0,0,0,98%
0,0,0,0,0,98%,Punjab
1,0,0,0,0,98%
0,0,0,0,0,98%,Karnataka
2,0,0,0,0,98%
0,0,0,0,0,98%,Uttar Pradesh
1,0,0,0,0,98%
0,0,0,0,0,98%,Punjab
2,0,0,0,0,98%
0,0,0,0,0,98%,Bihar
0,0,0,0,0,98%
0,0,0,0,0,98%,Maharashtra
3,0,0,0,0,98%
0,0,0,0,0,98%,West Bengal
3,0,0,0,0,98%
0,0,0,0,0,98%,Gujarat
2,0,0,0,0,98%
0,0,0,0,0,98%,West Bengal
3,0,0,0,0,98%
0,0,0,0,0,98%,Uttar Pradesh
1,0,0,0,0,98%
0,0,0,0,0,98%,Delhi
1,0,0,0,0,98%
0,0,0,0,0,98%,West Bengal
2,0,0,0,0,98%
0,0,0,0,0,98%,West Bengal
3,0,0,0,0,98%
0,0,0,0,0,98%,Gujarat
1,0,0,0,0,98%
0,0,0,0,0,98%,Rajasthan
0,0,0,0,0,98%
0,0,0,0,0,98%,Delhi
2,0,0,0,0,98%
0,0,0,0,0,98%,Tamil Nadu
0,0,0,0,0,98%
0,0,0,0,0,98%,Rajasthan
2,0,0,0,0,98%
0,0,0,0,0,98%,Rajasthan
1,0,0,0,0,98%
0,0,0,0,0,98%,Gujarat
1,0,0,0,0,98%
0,0,0,0,0,98%,Karnataka
1,0,0,0,0,98%
0,0,0,0,0,98%,Rajasthan
2,0,0,0,0,98%
0,0,0,0,0,98%,Punjab
0,0,0,0,0,98%
0,0,0,0,0,98%,Tamil Nadu
3,0,0,0,0,98%
0,0,0,0,0,98%,Delhi
1,0,0,0,0,98%
0,0,0,0,0,98%,West Bengal
2,0,0,0,0,98%
0,0,0,0,0,98%,Gujarat
2,0,0,0,0,98%
0,0,0,0,0,98%,Uttar Pradesh
2,0,0,0,0,98%
0,0,0,0,0,98%,Delhi
1,0,0,0,0,98%
0,0,0,0,0,98%,Delhi
1,0,0,0,0,98%
0,0,0,0,0,98%,Gujarat
1,0,0,0,0,98%
0,0,0,0,0,98%,Tamil Nadu
2,0,0,0,0,98%
0,0,0,0,0,98%,West Bengal
0,0,0,0,0,98%
0,0,0,0,0,98%,Delhi
2,0,0,0,0,98%
0,0,0,0,0,98%,Delhi
2,0,0,0,0,98%
0,0,0,0,0,98%,Gujarat
1,0,0,0,0,98%
0,0,0,0,0,98%,Rajasthan
2,0,0,0,0,98%
0,0,0,0,0,98%,Uttar Pradesh
2,0,0,0,0,98%
0,0,0,0,0,98%,Karnataka
2,0,0,0,0,98%
0,0,0,0,0,98%,Tamil Nadu
2,0,0,0,0,98%
0,0,0,0,0,98%,Rajasthan
1,0,0,0,0,98%
0,0,0,0,0,98%,Maharashtra
0,0,0,0,0,98%
0,0,0,0,0,98%,Uttar Pradesh
3,0,0,0,0,98%
0,0,0,0,0,98%,Gujarat
2,0,0,0,0,98%
0,0,0,0,0,98%,Rajasthan
1,0,0,0,0,98%
0,0,0,0,0,98%,Karnataka
2,0,0,0,0,98%
0,0,0,0,0,98%,Delhi
0,0,0,0,0,98%
0,0,0,0,0,98%,Maharashtra
2,0,0,0,0,98%
0,0,0,0,0,98%,Tamil Nadu
1,0,0,0,0,98%
0,0,0,0,0,98%,Bihar
1,0,0,0,0,98%
0,0,0,0,0,98%,Delhi
2,0,0,0,0,98%
0,0,0,0,0,98%,Maharashtra
1,0,0,0,0,98%
0,0,0,0,0,98%,Maharashtra
3,0,0,0,0,98%
0,0,0,0,0,98%,Rajasthan
0,0,0,0,0,98%
0,0,0,0,0,98%,West Bengal
1,0,0,0,0,98%
0,0,0,0,0,98%,Gujarat
1,0,0,0,0,98%
0,0,0,0,0,98%,West Bengal
1,0,0,0,0,98%
0,0,0,0,0,98%,Maharashtra
3,0,0,0,0,98%
0,0,0,0,0,98%,Maharashtra
1,0,0,0,0,98%
0,0,0,0,0,98%,Delhi
3,0,0,0,0,98%
0,0,0,0,0,98%,Gujarat
1,0,0,0,0,98%
0,0,0,0,0,98%,Punjab
0,0,0,0,0,98%
0,0,0,0,0,98%,Gujarat
2,0,0,0,0,98%
0,0,0,0,0,98%,Gujarat
2,0,0,0,0,98%
0,0,0,0,0,98%,Gujarat
0,0,0,0,0,98%
0,0,0,0,0,98%,West Bengal
2,0,0,0,0,98%
0,0,0,0,0,98%,Maharashtra
1,0,0,0,0,98%
0,0,0,0,0,98%,Bihar
1,0,0,0,0,98%
0,0,0,0,0,98%,Rajasthan
2,0,0,0,0,98%
0,0,0,0,0,98%,Maharashtra
1,0,0,0,0,98%
0,0,0,0,0,98%,Gujarat
2,0,0,0,0,98%
0,0,0,0,0,98%,Delhi
2,0,0,0,0,98%
0,0,0,0,0,98%,West Bengal
0,0,0,0,0,98%
0,0,0,0,0,98%,Gujarat
3,0,0,0,0,98%
0,0,0,0,0,98%,Bihar
2,0,0,0,0,98%
0,0,0,0,0,98%,Rajasthan
2,0,0,0,0,98%
0,0,0,0,0,98%,Rajasthan
0,0,0,0,0,98%
0,0,0,0,0,98%,Bihar
1,0,0,0,0,98%
0,0,0,0,0,98%,Punjab
1,0,0,0,0,98%
0,0,0,0,0,98%,Tamil Nadu
1,0,0,0,0,98%
0,0,0,0,0,98%,Gujarat
0,0,0,0,0,98%
0,0,0,0,0,98%,Uttar Pradesh
1,0,0,0,0,98%
0,0,0,0,0,98%,Uttar Pradesh
2,0,0,0,0,98%
0,0,0,0,0,98%,Delhi
1,0,0,0,0,98%
0,0,0,0,0,98%,Rajasthan
2,0,0,0,0,98%
0,0,0,0,0,98%,West Bengal
1,0,0,0,0,98%
0,0,0,0,0,98%,Bihar
2,0,0,0,0,98%
0,0,0,0,0,98%,West Bengal
3,0,0,0,0,98%
0,0,0,0,0,98%,Uttar Pradesh
3,0,0,0,0,98%
0,0,0,0,0,98%,Rajasthan
0,0,0,0,0,98%
0,0,0,0,0,98%,Bihar
0,0,0,0,0,98%
0,0,0,0,0,98%,Karnataka
1,0,0,0,0,98%
0,0,0,0,0,98%,Delhi
1,0,0,0,0,98%
0,0,0,0,0,98%,West Bengal
1,0,0,0,0,98%
0,0,0,0,0,98%,Maharashtra
1,0,0,0,0,98%
0,0,0,0,0,98%,Bihar
0,0,0,0,0,98%
0,0,0,0,0,98%,Uttar Pradesh
2,0,0,0,0,98%
0,0,0,0,0,98%,Tamil Nadu
0,0,0,0,0,98%
0,0,0,0,0,98%,West Bengal
1,0,0,0,0,98%
0,0,0,0,0,98%,Uttar Pradesh
0,0,0,0,0,98%
0,0,0,0,0,98%,Delhi
1,0,0,0,0,98%
0,0,0,0,0,98%,Bihar
1,0,0,0,0,98%
0,0,0,0,0,98%,Maharashtra
2,0,0,0,0,98%
0,0,0,0,0,98%,West Bengal
0,0,0,0,0,98%
0,0,0,0,0,98%,Maharashtra
1,0,0,0,0,98%
0,0,0,0,0,98%,West Bengal
1,0,0,0,0,98%
0,0,0,0,0,98%,West Bengal
1,0,0,0,0,98%
0,0,0,0,0,98%,Bihar
3,0,0,0,0,98%
0,0,0,0,0,98%,Maharashtra
3,0,0,0,0,98%
0,0,0,0,0,98%,Gujarat
0,0,0,0,0,98%
0,0,0,0,0,98%,Punjab
1,0,0,0,0,98%
0,0,0,0,0,98%,Karnataka
1,0,0,0,0,98%
0,0,0,0,0,98%,West Bengal
1,0,0,0,0,98%
0,0,0,0,0,98%,Rajasthan
2,0,0,0,0,98%
0,0,0,0,0,98%,Tamil Nadu
0,0,0,0,0,98%
0,0,0,0,0,98%,Delhi
2,0,0,0,0,98%
0,0,0,0,0,98%,Maharashtra
1,0,0,0,0,98%
0,0,0,0,0,98%,Punjab
2,0,0,0,0,98%
0,0,0,0,0,98%,West Bengal
1,0,0,0,0,98%
0,0,0,0,0,98%,Rajasthan
2,0,0,0,0,98%
0,0,0,0,0,98%,Punjab
2,0,0,0,0,98%
0,0,0,0,0,98%,Uttar Pradesh
3,0,0,0,0,98%
0,0,0,0,0,98%,Bihar
1,0,0,0,0,98%
0,0,0,0,0,98%,Uttar Pradesh
2,0,0,0,0,98%
0,0,0,0,0,98%,Delhi
1,0,0,0,0,98%
0,0,0,0,0,98%,Uttar Pradesh
1,0,0,0,0,98%
0,0,0,0,0,98%,Bihar
1,0,0,0,0,98%
0,0,0,0,0,98%,Uttar Pradesh
2,0,0,0,0,98%
0,0,0,0,0,98%,Delhi
2,0,0,0,0,98%
0,0,0,0,0,98%,Delhi
2,0,0,0,0,98%
0,0,0,0,0,98%,Maharashtra
1,0,0,0,0,98%
0,0,0,0,0,98%,Punjab
1,0,0,0,0,98%
0,0,0,0,0,98%,Uttar Pradesh
1,0,0,0,0,98%
0,0,0,0,0,98%,Delhi
2,0,0,0,0,98%
0,0,0,0,0,98%,Maharashtra
0,0,0,0,0,98%
0,0,0,0,0,98%,Delhi
1,0,0,0,0,98%
0,0,0,0,0,98%,Uttar Pradesh
2,0,0,0,0,98%
0,0,0,0,0,98%,Delhi
2,0,0,0,0,98%
0,0,0,0,0,98%,Delhi
2,0,0,0,0,98%
0,0,0,0,0,98%,Delhi
0,0,0,0,0,98%
0,0,0,0,0,98%,Tamil Nadu
3,0,0,0,0,98%
0,0,0,0,0,98%,Karnataka
2,0,0,0,0,98%
0,0,0,0,0,98%,West Bengal
1,0,0,0,0,98%
0,0,0,0,0,98%,West Bengal
3,0,0,0,0,98%
0,0,0,0,0,98%,Uttar Pradesh
2,0,0,0,0,98%
0,0,0,0,0,98%,Punjab
0,0,0,0,0,98%
0,0,0,0,0,98%,Bihar
2,0,0,0,0,98%
0,0,0,0,0,98%,Gujarat
2,0,0,0,0,98%
0,0,0,0,0,98%,Punjab
3,0,0,0,0,98%
0,0,0,0,0,98%,Delhi
2,0,0,0,0,98%
0,0,0,0,0,98%,Maharashtra
3,0,0,0,0,98%
0,0,0,0,0,98%,Bihar
2,0,0,0,0,98%
0,0,0,0,0,98%,West Bengal
2,0,0,0,0,98%
0,0,0,0,0,98%,Karnataka
0,0,0,0,0,98%
0,0,0,0,0,98%,Punjab
1,0,0,0,0,98%
0,0,0,0,0,98%,Maharashtra
1,0,0,0,0,98%
0,0,0,0,0,98%,West Bengal
2,0,0,0,0,98%
0,0,0,0,0,98%,Gujarat
0,0,0,0,0,98%
0,0,0,0,0,98%,West Bengal
3,0,0,0,0,98%
0,0,0,0,0,98%,Delhi
1,0,0,0,0,98%
0,0,0,0,0,98%,Bihar
3,0,0,0,0,98%
0,0,0,0,0,98%,Gujarat
0,0,0,0,0,98%
0,0,0,0,0,98%,Uttar Pradesh
0,0,0,0,0,98%
0,0,0,0,0,98%,Tamil Nadu
3,0,0,0,0,98%
0,0,0,0,0,98%,Rajasthan
2,0,0,0,0,98%
0,0,0,0,0,98%,Uttar Pradesh
1,0,0,0,0,98%
0,0,0,0,0,98%,Delhi
2,0,0,0,0,98%
0,0,0,0,0,98%,Bihar
1,0,0,0,0,98%
0,0,0,0,0,98%,Uttar Pradesh
2,0,0,0,0,98%
0,0,0,0,0,98%,Rajasthan
0,0,0,0,0,98%
0,0,0,0,0,98%,Karnataka
1,0,0,0,0,98%
0,0,0,0,0,98%,West Bengal
1,0,0,0,0,98%
0,0,0,0,0,98%,West Bengal
3,0,0,0,0,98%
0,0,0,0,0,98%,Delhi
0,0,0,0,0,98%
0,0,0,0,0,98%,Tamil Nadu
0,0,0,0,0,98%
0,0,0,0,0,98%,Bihar
1,0,0,0,0,98%
0,0,0,0,0,98%,Rajasthan
1,0,0,0,0,98%
0,0,0,0,0,98%,Karnataka
3,0,0,0,0,98%
0,0,0,0,0,98%,Maharashtra
1,0,0,0,0,98%
0,0,0,0,0,98%,Gujarat
3,0,0,0,0,98%
0,0,0,0,0,98%,Bihar
2,0,0,0,0,98%
0,0,0,0,0,98%,Delhi
3,0,0,0,0,98%
0,0,0,0,0,98%,Punjab
1,0,0,0,0,98%
0,0,0,0,0,98%,Uttar Pradesh
0,0,0,0,0,98%
0,0,0,0,0,98%,Uttar Pradesh
0,0,0,0,0,98%
0,0,0,0,0,98%,Uttar Pradesh
3,0,0,0,0,98%
0,0,0,0,0,98%,Uttar Pradesh
1,0,0,0,0,98%
0,0,0,0,0,98%,Rajasthan
2,0,0,0,0,98%
0,0,0,0,0,98%,Gujarat
2,0,0,0,0,98%
0,0,0,0,0,98%,Punjab
1,0,0,0,0,98%,West Bengal
3,0,0,0,0,98%
